ds,y
2020-01-02,72.9604721069336
2020-01-03,72.25112915039062
2020-01-04,72.25112915039062
2020-01-05,72.25112915039062
2020-01-06,72.82685852050781
2020-01-07,72.48432922363281
2020-01-08,73.65033721923828
2020-01-09,75.21475219726562
2020-01-10,75.38478088378906
2020-01-11,75.38478088378906
2020-01-12,75.38478088378906
2020-01-13,76.9953384399414
2020-01-14,75.95565032958984
2020-01-15,75.630126953125
2020-01-16,76.57750701904297
2020-01-17,77.4253158569336
2020-01-18,77.4253158569336
2020-01-19,77.4253158569336
2020-01-20,77.4253158569336
2020-01-21,76.90059661865234
2020-01-22,77.17510223388672
2020-01-23,77.5467758178711
2020-01-24,77.32328796386719
2020-01-25,77.32328796386719
2020-01-26,77.32328796386719
2020-01-27,75.04956817626953
2020-01-28,77.17266082763672
2020-01-29,78.78807830810547
2020-01-30,78.67388916015625
2020-01-31,75.18560791015625
2020-02-01,75.18560791015625
2020-02-02,75.18560791015625
2020-02-03,74.97911834716797
2020-02-04,77.45445251464844
2020-02-05,78.08602142333984
2020-02-06,78.9994125366211
2020-02-07,77.92559814453125
2020-02-08,77.92559814453125
2020-02-09,77.92559814453125
2020-02-10,78.29570007324219
2020-02-11,77.82331085205078
2020-02-12,79.67144775390625
2020-02-13,79.1041030883789
2020-02-14,79.12358093261719
2020-02-15,79.12358093261719
2020-02-16,79.12358093261719
2020-02-17,79.12358093261719
2020-02-18,77.67479705810547
2020-02-19,78.79974365234375
2020-02-20,77.9913330078125
2020-02-21,76.22598266601562
2020-02-22,76.22598266601562
2020-02-23,76.22598266601562
2020-02-24,72.60523986816406
2020-02-25,70.14591979980469
2020-02-26,71.25871276855469
2020-02-27,66.60065460205078
2020-02-28,66.56169128417969
2020-02-29,66.56169128417969
2020-03-01,66.56169128417969
2020-03-02,72.75862121582031
2020-03-03,70.4478759765625
2020-03-04,73.71556091308594
2020-03-05,71.32447052001953
2020-03-06,70.37726593017578
2020-03-07,70.37726593017578
2020-03-08,70.37726593017578
2020-03-09,64.81097412109375
2020-03-10,69.47877502441406
2020-03-11,67.06574249267578
2020-03-12,60.44268035888672
2020-03-13,67.68421173095703
2020-03-14,67.68421173095703
2020-03-15,67.68421173095703
2020-03-16,58.976837158203125
2020-03-17,61.5700569152832
2020-03-18,60.062828063964844
2020-03-19,59.602622985839844
2020-03-20,55.8187141418457
2020-03-21,55.8187141418457
2020-03-22,55.8187141418457
2020-03-23,54.63288879394531
2020-03-24,60.11396408081055
2020-03-25,59.782814025878906
2020-03-26,62.92877197265625
2020-03-27,60.3233642578125
2020-03-28,60.3233642578125
2020-03-29,60.3233642578125
2020-03-30,62.04487991333008
2020-03-31,61.91825485229492
2020-04-01,58.6602897644043
2020-04-02,59.63914108276367
2020-04-03,58.78205108642578
2020-04-04,58.78205108642578
2020-04-05,58.78205108642578
2020-04-06,63.910037994384766
2020-04-07,63.16981506347656
2020-04-08,64.78660583496094
2020-04-09,65.25411987304688
2020-04-10,65.25411987304688
2020-04-11,65.25411987304688
2020-04-12,65.25411987304688
2020-04-13,66.53491973876953
2020-04-14,69.8951416015625
2020-04-15,69.2571792602539
2020-04-16,69.8074722290039
2020-04-17,68.86028289794922
2020-04-18,68.86028289794922
2020-04-19,68.86028289794922
2020-04-20,67.43096160888672
2020-04-21,65.34666442871094
2020-04-22,67.22886657714844
2020-04-23,66.96833038330078
2020-04-24,68.90167999267578
2020-04-25,68.90167999267578
2020-04-26,68.90167999267578
2020-04-27,68.95038604736328
2020-04-28,67.83274841308594
2020-04-29,70.06071472167969
2020-04-30,71.53872680664062
2020-05-01,70.38700866699219
2020-05-02,70.38700866699219
2020-05-03,70.38700866699219
2020-05-04,71.38289642333984
2020-05-05,72.45427703857422
2020-05-06,73.20179748535156
2020-05-07,73.95906066894531
2020-05-08,75.71942138671875
2020-05-09,75.71942138671875
2020-05-10,75.71942138671875
2020-05-11,76.91089630126953
2020-05-12,76.03192138671875
2020-05-13,75.11390686035156
2020-05-14,75.57536315917969
2020-05-15,75.1285629272461
2020-05-16,75.1285629272461
2020-05-17,75.1285629272461
2020-05-18,76.89867401123047
2020-05-19,76.45433044433594
2020-05-20,77.94121551513672
2020-05-21,77.36013793945312
2020-05-22,77.85819244384766
2020-05-23,77.85819244384766
2020-05-24,77.85819244384766
2020-05-25,77.85819244384766
2020-05-26,77.33084106445312
2020-05-27,77.66775512695312
2020-05-28,77.70193481445312
2020-05-29,77.62626647949219
2020-05-30,77.62626647949219
2020-05-31,77.62626647949219
2020-06-01,78.58088684082031
2020-06-02,78.94468688964844
2020-06-03,79.37926483154297
2020-06-04,78.69564819335938
2020-06-05,80.9369888305664
2020-06-06,80.9369888305664
2020-06-07,80.9369888305664
2020-06-08,81.41551971435547
2020-06-09,83.98646545410156
2020-06-10,86.147216796875
2020-06-11,82.01126861572266
2020-06-12,82.71929931640625
2020-06-13,82.71929931640625
2020-06-14,82.71929931640625
2020-06-15,83.74230194091797
2020-06-16,85.961669921875
2020-06-17,85.8420181274414
2020-06-18,85.8761978149414
2020-06-19,85.38545227050781
2020-06-20,85.38545227050781
2020-06-21,85.38545227050781
2020-06-22,87.6194839477539
2020-06-23,89.48969268798828
2020-06-24,87.90999603271484
2020-06-25,89.07708740234375
2020-06-26,86.3401107788086
2020-06-27,86.3401107788086
2020-06-28,86.3401107788086
2020-06-29,88.32997131347656
2020-06-30,89.06731414794922
2020-07-01,88.89881896972656
2020-07-02,88.89881896972656
2020-07-03,88.89881896972656
2020-07-04,88.89881896972656
2020-07-05,88.89881896972656
2020-07-06,91.27689361572266
2020-07-07,90.9936752319336
2020-07-08,93.11293029785156
2020-07-09,93.51335144042969
2020-07-10,93.67691802978516
2020-07-11,93.67691802978516
2020-07-12,93.67691802978516
2020-07-13,93.24476623535156
2020-07-14,94.7878189086914
2020-07-15,95.43970489501953
2020-07-16,94.26533508300781
2020-07-17,94.07489013671875
2020-07-18,94.07489013671875
2020-07-19,94.07489013671875
2020-07-20,96.05743408203125
2020-07-21,94.7316665649414
2020-07-22,94.99779510498047
2020-07-23,90.67384338378906
2020-07-24,90.44921875
2020-07-25,90.44921875
2020-07-26,90.44921875
2020-07-27,92.59288787841797
2020-07-28,91.07183074951172
2020-07-29,92.81749725341797
2020-07-30,93.94062042236328
2020-07-31,103.77511596679688
2020-08-01,103.77511596679688
2020-08-02,103.77511596679688
2020-08-03,106.3900146484375
2020-08-04,107.1004867553711
2020-08-05,107.48870849609375
2020-08-06,111.23890686035156
2020-08-07,108.70980072021484
2020-08-08,108.70980072021484
2020-08-09,108.70980072021484
2020-08-10,110.28987884521484
2020-08-11,107.0098876953125
2020-08-12,110.56626892089844
2020-08-13,112.52304077148438
2020-08-14,112.4227523803711
2020-08-15,112.4227523803711
2020-08-16,112.4227523803711
2020-08-17,112.12923431396484
2020-08-18,113.06356811523438
2020-08-19,113.20542907714844
2020-08-20,115.7174301147461
2020-08-21,121.68061065673828
2020-08-22,121.68061065673828
2020-08-23,121.68061065673828
2020-08-24,123.13595581054688
2020-08-25,122.12579345703125
2020-08-26,123.78657531738281
2020-08-27,122.30677795410156
2020-08-28,122.1086654663086
2020-08-29,122.1086654663086
2020-08-30,122.1086654663086
2020-08-31,126.24964141845703
2020-09-01,131.2785186767578
2020-09-02,128.55860900878906
2020-09-03,118.2660903930664
2020-09-04,118.3443603515625
2020-09-05,118.3443603515625
2020-09-06,118.3443603515625
2020-09-07,118.3443603515625
2020-09-08,110.38037109375
2020-09-09,114.7830810546875
2020-09-10,111.03587341308594
2020-09-11,109.57811737060547
2020-09-12,109.57811737060547
2020-09-13,109.57811737060547
2020-09-14,112.8654556274414
2020-09-15,113.04156494140625
2020-09-16,109.7052993774414
2020-09-17,107.9540023803711
2020-09-18,104.52967071533203
2020-09-19,104.52967071533203
2020-09-20,104.52967071533203
2020-09-21,107.69963836669922
2020-09-22,109.3922119140625
2020-09-23,104.80361938476562
2020-09-24,105.87985229492188
2020-09-25,109.85205078125
2020-09-26,109.85205078125
2020-09-27,109.85205078125
2020-09-28,112.47408294677734
2020-09-29,111.62290954589844
2020-09-30,113.30571746826172
2020-10-01,114.26454162597656
2020-10-02,110.5760498046875
2020-10-03,110.5760498046875
2020-10-04,110.5760498046875
2020-10-05,113.98080444335938
2020-10-06,110.7130355834961
2020-10-07,112.59149932861328
2020-10-08,112.48389434814453
2020-10-09,114.44063568115234
2020-10-10,114.44063568115234
2020-10-11,114.44063568115234
2020-10-12,121.70996856689453
2020-10-13,118.4813232421875
2020-10-14,118.56939697265625
2020-10-15,118.09976959228516
2020-10-16,116.44630432128906
2020-10-17,116.44630432128906
2020-10-18,116.44630432128906
2020-10-19,113.4720458984375
2020-10-20,114.9689712524414
2020-10-21,114.34280395507812
2020-10-22,113.24699401855469
2020-10-23,112.5523681640625
2020-10-24,112.5523681640625
2020-10-25,112.5523681640625
2020-10-26,112.56217193603516
2020-10-27,114.0786361694336
2020-10-28,108.79541778564453
2020-10-29,112.82632446289062
2020-10-30,106.50601959228516
2020-10-31,106.50601959228516
2020-11-01,106.50601959228516
2020-11-02,106.41796112060547
2020-11-03,108.05184936523438
2020-11-04,112.46430969238281
2020-11-05,116.45608520507812
2020-11-06,116.32379913330078
2020-11-07,116.32379913330078
2020-11-08,116.32379913330078
2020-11-09,114.00103759765625
2020-11-10,113.65802001953125
2020-11-11,117.10784149169922
2020-11-12,116.83341217041016
2020-11-13,116.88243865966797
2020-11-14,116.88243865966797
2020-11-15,116.88243865966797
2020-11-16,117.90169525146484
2020-11-17,117.00983428955078
2020-11-18,115.67694091796875
2020-11-19,116.2748031616211
2020-11-20,115.00068664550781
2020-11-21,115.00068664550781
2020-11-22,115.00068664550781
2020-11-23,111.58026123046875
2020-11-24,112.87396240234375
2020-11-25,113.71681213378906
2020-11-26,113.71681213378906
2020-11-27,114.26566314697266
2020-11-28,114.26566314697266
2020-11-29,114.26566314697266
2020-11-30,116.67662811279297
2020-12-01,120.27345275878906
2020-12-02,120.62627410888672
2020-12-03,120.48905181884766
2020-12-04,119.81280517578125
2020-12-05,119.81280517578125
2020-12-06,119.81280517578125
2020-12-07,121.28291320800781
2020-12-08,121.90035247802734
2020-12-09,119.35218048095703
2020-12-10,120.7830810546875
2020-12-11,119.9696273803711
2020-12-12,119.9696273803711
2020-12-13,119.9696273803711
2020-12-14,119.35218048095703
2020-12-15,125.33058166503906
2020-12-16,125.26197052001953
2020-12-17,126.13424682617188
2020-12-18,124.13488006591797
2020-12-19,124.13488006591797
2020-12-20,124.13488006591797
2020-12-21,125.67359924316406
2020-12-22,129.25083923339844
2020-12-23,128.3491668701172
2020-12-24,129.3390350341797
2020-12-25,129.3390350341797
2020-12-26,129.3390350341797
2020-12-27,129.3390350341797
2020-12-28,133.96493530273438
2020-12-29,132.1812286376953
2020-12-30,131.05413818359375
2020-12-31,130.044677734375
2021-01-01,130.044677734375
2021-01-02,130.044677734375
2021-01-03,130.044677734375
2021-01-04,126.830078125
2021-01-05,128.398193359375
2021-01-06,124.07608795166016
2021-01-07,128.30999755859375
2021-01-08,129.4174346923828
2021-01-09,129.4174346923828
2021-01-10,129.4174346923828
2021-01-11,126.40863800048828
2021-01-12,126.23225402832031
2021-01-13,128.28057861328125
2021-01-14,126.34004211425781
2021-01-15,124.6053466796875
2021-01-16,124.6053466796875
2021-01-17,124.6053466796875
2021-01-18,124.6053466796875
2021-01-19,125.28156280517578
2021-01-20,129.39781188964844
2021-01-21,134.141357421875
2021-01-22,136.29747009277344
2021-01-23,136.29747009277344
2021-01-24,136.29747009277344
2021-01-25,140.07073974609375
2021-01-26,140.30596923828125
2021-01-27,139.22789001464844
2021-01-28,134.3569793701172
2021-01-29,129.32925415039062
2021-01-30,129.32925415039062
2021-01-31,129.32925415039062
2021-02-01,131.4657745361328
2021-02-02,132.29884338378906
2021-02-03,131.26979064941406
2021-02-04,134.6510009765625
2021-02-05,134.23382568359375
2021-02-06,134.23382568359375
2021-02-07,134.23382568359375
2021-02-08,134.3810577392578
2021-02-09,133.49769592285156
2021-02-10,132.88916015625
2021-02-11,132.63394165039062
2021-02-12,132.86952209472656
2021-02-13,132.86952209472656
2021-02-14,132.86952209472656
2021-02-15,132.86952209472656
2021-02-16,130.7297821044922
2021-02-17,128.42318725585938
2021-02-18,127.31404113769531
2021-02-19,127.47111511230469
2021-02-20,127.47111511230469
2021-02-21,127.47111511230469
2021-02-22,123.67259216308594
2021-02-23,123.53516387939453
2021-02-24,123.03460693359375
2021-02-25,118.755126953125
2021-02-26,119.02013397216797
2021-02-27,119.02013397216797
2021-02-28,119.02013397216797
2021-03-01,125.42952728271484
2021-03-02,122.80885314941406
2021-03-03,119.80536651611328
2021-03-04,117.91100311279297
2021-03-05,119.17717742919922
2021-03-06,119.17717742919922
2021-03-07,119.17717742919922
2021-03-08,114.21065521240234
2021-03-09,118.85327911376953
2021-03-10,117.76377868652344
2021-03-11,119.70721435546875
2021-03-12,118.79438781738281
2021-03-13,118.79438781738281
2021-03-14,118.79438781738281
2021-03-15,121.69971466064453
2021-03-16,123.25052642822266
2021-03-17,122.45550537109375
2021-03-18,118.30362701416016
2021-03-19,117.77359771728516
2021-03-20,117.77359771728516
2021-03-21,117.77359771728516
2021-03-22,121.11079406738281
2021-03-23,120.27650451660156
2021-03-24,117.87174987792969
2021-03-25,118.36250305175781
2021-03-26,118.97105407714844
2021-03-27,118.97105407714844
2021-03-28,118.97105407714844
2021-03-29,119.14775085449219
2021-03-30,117.68527221679688
2021-03-31,119.8936996459961
2021-04-01,120.72798919677734
2021-04-02,120.72798919677734
2021-04-03,120.72798919677734
2021-04-04,120.72798919677734
2021-04-05,123.57443237304688
2021-04-06,123.87870025634766
2021-04-07,125.5374984741211
2021-04-08,127.9520492553711
2021-04-09,130.5432891845703
2021-04-10,130.5432891845703
2021-04-11,130.5432891845703
2021-04-12,128.8158416748047
2021-04-13,131.9468536376953
2021-04-14,129.5911865234375
2021-04-15,132.01559448242188
2021-04-16,131.68186950683594
2021-04-17,131.68186950683594
2021-04-18,131.68186950683594
2021-04-19,132.3492889404297
2021-04-20,130.65122985839844
2021-04-21,131.03404235839844
2021-04-22,129.50286865234375
2021-04-23,131.83892822265625
2021-04-24,131.83892822265625
2021-04-25,131.83892822265625
2021-04-26,132.23150634765625
2021-04-27,131.90760803222656
2021-04-28,131.11256408691406
2021-04-29,131.01443481445312
2021-04-30,129.03172302246094
2021-05-01,129.03172302246094
2021-05-02,129.03172302246094
2021-05-03,130.09178161621094
2021-05-04,125.48841094970703
2021-05-05,125.73380279541016
2021-05-06,127.343505859375
2021-05-07,128.0219268798828
2021-05-08,128.0219268798828
2021-05-09,128.0219268798828
2021-05-10,124.7183609008789
2021-05-11,123.79417419433594
2021-05-12,120.70692443847656
2021-05-13,122.86996459960938
2021-05-14,125.30828094482422
2021-05-15,125.30828094482422
2021-05-16,125.30828094482422
2021-05-17,124.14810943603516
2021-05-18,122.75196075439453
2021-05-19,122.59466552734375
2021-05-20,125.170654296875
2021-05-21,123.32222747802734
2021-05-22,123.32222747802734
2021-05-23,123.32222747802734
2021-05-24,124.96417236328125
2021-05-25,124.76753234863281
2021-05-26,124.7183609008789
2021-05-27,123.17475891113281
2021-05-28,122.5160140991211
2021-05-29,122.5160140991211
2021-05-30,122.5160140991211
2021-05-31,122.5160140991211
2021-06-01,122.1915512084961
2021-06-02,122.95843505859375
2021-06-03,121.46399688720703
2021-06-04,123.77449798583984
2021-06-05,123.77449798583984
2021-06-06,123.77449798583984
2021-06-07,123.78433227539062
2021-06-08,124.61022186279297
2021-06-09,124.99366760253906
2021-06-10,123.99080657958984
2021-06-11,125.2099609375
2021-06-12,125.2099609375
2021-06-13,125.2099609375
2021-06-14,128.28736877441406
2021-06-15,127.46148681640625
2021-06-16,127.9629135131836
2021-06-17,129.57534790039062
2021-06-18,128.26771545410156
2021-06-19,128.26771545410156
2021-06-20,128.26771545410156
2021-06-21,130.07681274414062
2021-06-22,131.7285614013672
2021-06-23,131.45327758789062
2021-06-24,131.16810607910156
2021-06-25,130.8731689453125
2021-06-26,130.8731689453125
2021-06-27,130.8731689453125
2021-06-28,132.51507568359375
2021-06-29,134.03904724121094
2021-06-30,134.6584930419922
2021-07-01,134.96327209472656
2021-07-02,137.6080322265625
2021-07-03,137.6080322265625
2021-07-04,137.6080322265625
2021-07-05,137.6080322265625
2021-07-06,139.63345336914062
2021-07-07,142.14059448242188
2021-07-08,140.83294677734375
2021-07-09,142.67153930664062
2021-07-10,142.67153930664062
2021-07-11,142.67153930664062
2021-07-12,142.07179260253906
2021-07-13,143.192626953125
2021-07-14,146.64361572265625
2021-07-15,145.9849090576172
2021-07-16,143.9300079345703
2021-07-17,143.9300079345703
2021-07-18,143.9300079345703
2021-07-19,140.0562286376953
2021-07-20,143.69406127929688
2021-07-21,142.95663452148438
2021-07-22,144.3331298828125
2021-07-23,146.0635528564453
2021-07-24,146.0635528564453
2021-07-25,146.0635528564453
2021-07-26,146.48634338378906
2021-07-27,144.3036346435547
2021-07-28,142.54368591308594
2021-07-29,143.192626953125
2021-07-30,143.40892028808594
2021-07-31,143.40892028808594
2021-08-01,143.40892028808594
2021-08-02,143.07464599609375
2021-08-03,144.88369750976562
2021-08-04,144.4805908203125
2021-08-05,144.58876037597656
2021-08-06,143.89950561523438
2021-08-07,143.89950561523438
2021-08-08,143.89950561523438
2021-08-09,143.85025024414062
2021-08-10,143.3677520751953
2021-08-11,143.623779296875
2021-08-12,146.6073455810547
2021-08-13,146.81411743164062
2021-08-14,146.81411743164062
2021-08-15,146.81411743164062
2021-08-16,148.80311584472656
2021-08-17,147.88739013671875
2021-08-18,144.11611938476562
2021-08-19,144.45089721679688
2021-08-20,145.91806030273438
2021-08-21,145.91806030273438
2021-08-22,145.91806030273438
2021-08-23,147.41477966308594
2021-08-24,147.3261260986328
2021-08-25,146.08544921875
2021-08-26,145.2779998779297
2021-08-27,146.32179260253906
2021-08-28,146.32179260253906
2021-08-29,146.32179260253906
2021-08-30,150.77247619628906
2021-08-31,149.5022430419922
2021-09-01,150.17181396484375
2021-09-02,151.29434204101562
2021-09-03,151.9344024658203
2021-09-04,151.9344024658203
2021-09-05,151.9344024658203
2021-09-06,151.9344024658203
2021-09-07,154.28775024414062
2021-09-08,152.7319793701172
2021-09-09,151.7079315185547
2021-09-10,146.68609619140625
2021-09-11,146.68609619140625
2021-09-12,146.68609619140625
2021-09-13,147.2572021484375
2021-09-14,145.84912109375
2021-09-15,146.74517822265625
2021-09-16,146.50885009765625
2021-09-17,143.82070922851562
2021-09-18,143.82070922851562
2021-09-19,143.82070922851562
2021-09-20,140.74855041503906
2021-09-21,141.23101806640625
2021-09-22,143.6139373779297
2021-09-23,144.57891845703125
2021-09-24,144.66751098632812
2021-09-25,144.66751098632812
2021-09-26,144.66751098632812
2021-09-27,143.14129638671875
2021-09-28,139.734375
2021-09-29,140.64024353027344
2021-09-30,139.33062744140625
2021-10-01,140.46299743652344
2021-10-02,140.46299743652344
2021-10-03,140.46299743652344
2021-10-04,137.00680541992188
2021-10-05,138.9466094970703
2021-10-06,139.82296752929688
2021-10-07,141.0931854248047
2021-10-08,140.70913696289062
2021-10-09,140.70913696289062
2021-10-10,140.70913696289062
2021-10-11,140.62054443359375
2021-10-12,139.34046936035156
2021-10-13,138.74964904785156
2021-10-14,141.5559844970703
2021-10-15,142.6194305419922
2021-10-16,142.6194305419922
2021-10-17,142.6194305419922
2021-10-18,144.30322265625
2021-10-19,146.4793243408203
2021-10-20,146.9716339111328
2021-10-21,147.1882781982422
2021-10-22,146.410400390625
2021-10-23,146.410400390625
2021-10-24,146.410400390625
2021-10-25,146.3611602783203
2021-10-26,147.03076171875
2021-10-27,146.56793212890625
2021-10-28,150.2309112548828
2021-10-29,147.50338745117188
2021-10-30,147.50338745117188
2021-10-31,147.50338745117188
2021-11-01,146.67626953125
2021-11-02,147.7200164794922
2021-11-03,149.16748046875
2021-11-04,148.64559936523438
2021-11-05,149.17808532714844
2021-11-06,149.17808532714844
2021-11-07,149.17808532714844
2021-11-08,148.34976196289062
2021-11-09,148.714599609375
2021-11-10,145.86476135253906
2021-11-11,145.8154296875
2021-11-12,147.90599060058594
2021-11-13,147.90599060058594
2021-11-14,147.90599060058594
2021-11-15,147.9158477783203
2021-11-16,148.9019775390625
2021-11-17,151.35739135742188
2021-11-18,155.67652893066406
2021-11-19,158.31930541992188
2021-11-20,158.31930541992188
2021-11-21,158.31930541992188
2021-11-22,158.78277587890625
2021-11-23,159.1673583984375
2021-11-24,159.68997192382812
2021-11-25,159.68997192382812
2021-11-26,154.63124084472656
2021-11-27,154.63124084472656
2021-11-28,154.63124084472656
2021-11-29,158.0135955810547
2021-11-30,163.00328063964844
2021-12-01,162.48065185546875
2021-12-02,161.48468017578125
2021-12-03,159.5913543701172
2021-12-04,159.5913543701172
2021-12-05,159.5913543701172
2021-12-06,163.02301025390625
2021-12-07,168.80160522460938
2021-12-08,172.64739990234375
2021-12-09,172.13462829589844
2021-12-10,176.95668029785156
2021-12-11,176.95668029785156
2021-12-12,176.95668029785156
2021-12-13,173.2982177734375
2021-12-14,171.90782165527344
2021-12-15,176.8087615966797
2021-12-16,169.86660766601562
2021-12-17,168.7621307373047
2021-12-18,168.7621307373047
2021-12-19,168.7621307373047
2021-12-20,167.3914794921875
2021-12-21,170.58645629882812
2021-12-22,173.19960021972656
2021-12-23,173.83074951171875
2021-12-24,173.83074951171875
2021-12-25,173.83074951171875
2021-12-26,173.83074951171875
2021-12-27,177.824462890625
2021-12-28,176.7989044189453
2021-12-29,176.88766479492188
2021-12-30,175.72406005859375
2021-12-31,175.10281372070312
2022-01-01,175.10281372070312
2022-01-02,175.10281372070312
2022-01-03,179.48110961914062
2022-01-04,177.2032012939453
2022-01-05,172.4896240234375
2022-01-06,169.6101837158203
2022-01-07,169.77783203125
2022-01-08,169.77783203125
2022-01-09,169.77783203125
2022-01-10,169.7975616455078
2022-01-11,172.64739990234375
2022-01-12,173.09112548828125
2022-01-13,169.7975616455078
2022-01-14,170.6653594970703
2022-01-15,170.6653594970703
2022-01-16,170.6653594970703
2022-01-17,170.6653594970703
2022-01-18,167.44076538085938
2022-01-19,163.92037963867188
2022-01-20,162.22427368164062
2022-01-21,160.1534423828125
2022-01-22,160.1534423828125
2022-01-23,160.1534423828125
2022-01-24,159.37445068359375
2022-01-25,157.5599822998047
2022-01-26,157.47125244140625
2022-01-27,157.0077362060547
2022-01-28,167.96340942382812
2022-01-29,167.96340942382812
2022-01-30,167.96340942382812
2022-01-31,172.35157775878906
2022-02-01,172.18394470214844
2022-02-02,173.3968505859375
2022-02-03,170.4976806640625
2022-02-04,170.21136474609375
2022-02-05,170.21136474609375
2022-02-06,170.21136474609375
2022-02-07,169.4906005859375
2022-02-08,172.6205291748047
2022-02-09,174.05221557617188
2022-02-10,169.9447784423828
2022-02-11,166.50877380371094
2022-02-12,166.50877380371094
2022-02-13,166.50877380371094
2022-02-14,166.74574279785156
2022-02-15,170.60629272460938
2022-02-16,170.36932373046875
2022-02-17,166.74574279785156
2022-02-18,165.18568420410156
2022-02-19,165.18568420410156
2022-02-20,165.18568420410156
2022-02-21,165.18568420410156
2022-02-22,162.2433624267578
2022-02-23,158.04705810546875
2022-02-24,160.68331909179688
2022-02-25,162.7666778564453
2022-02-26,162.7666778564453
2022-02-27,162.7666778564453
2022-02-28,163.03323364257812
2022-03-01,161.13751220703125
2022-03-02,164.45501708984375
2022-03-03,164.1292266845703
2022-03-04,161.10787963867188
2022-03-05,161.10787963867188
2022-03-06,161.10787963867188
2022-03-07,157.2867889404297
2022-03-08,155.45030212402344
2022-03-09,160.8906707763672
2022-03-10,156.5166778564453
2022-03-11,152.77455139160156
2022-03-12,152.77455139160156
2022-03-13,152.77455139160156
2022-03-14,148.7164764404297
2022-03-15,153.1300048828125
2022-03-16,157.57313537597656
2022-03-17,158.59010314941406
2022-03-18,161.9076385498047
2022-03-19,161.9076385498047
2022-03-20,161.9076385498047
2022-03-21,163.2899627685547
2022-03-22,166.6864776611328
2022-03-23,168.0589141845703
2022-03-24,171.87013244628906
2022-03-25,172.51193237304688
2022-03-26,172.51193237304688
2022-03-27,172.51193237304688
2022-03-28,173.3808135986328
2022-03-29,176.69833374023438
2022-03-30,175.52337646484375
2022-03-31,172.4033203125
2022-04-01,172.1071014404297
2022-04-02,172.1071014404297
2022-04-03,172.1071014404297
2022-04-04,176.18492126464844
2022-04-05,172.84759521484375
2022-04-06,169.658447265625
2022-04-07,169.9645233154297
2022-04-08,167.94041442871094
2022-04-09,167.94041442871094
2022-04-10,167.94041442871094
2022-04-11,163.65528869628906
2022-04-12,165.54116821289062
2022-04-13,168.2465057373047
2022-04-14,163.2010955810547
2022-04-15,163.2010955810547
2022-04-16,163.2010955810547
2022-04-17,163.2010955810547
2022-04-18,162.98387145996094
2022-04-19,165.28440856933594
2022-04-20,165.11656188964844
2022-04-21,164.3168182373047
2022-04-22,159.7453155517578
2022-04-23,159.7453155517578
2022-04-24,159.7453155517578
2022-04-25,160.82156372070312
2022-04-26,154.81838989257812
2022-04-27,154.59130859375
2022-04-28,161.5719451904297
2022-04-29,155.65762329101562
2022-04-30,155.65762329101562
2022-05-01,155.65762329101562
2022-05-02,155.96372985839844
2022-05-03,157.46453857421875
2022-05-04,163.92189025878906
2022-05-05,154.78875732421875
2022-05-06,155.52049255371094
2022-05-07,155.52049255371094
2022-05-08,155.52049255371094
2022-05-09,150.35888671875
2022-05-10,152.78147888183594
2022-05-11,144.86111450195312
2022-05-12,140.9651641845703
2022-05-13,145.4642333984375
2022-05-14,145.4642333984375
2022-05-15,145.4642333984375
2022-05-16,143.9118194580078
2022-05-17,147.5704345703125
2022-05-18,139.24462890625
2022-05-19,135.81346130371094
2022-05-20,136.0507354736328
2022-05-21,136.0507354736328
2022-05-22,136.0507354736328
2022-05-23,141.5089874267578
2022-05-24,138.78976440429688
2022-05-25,138.94798278808594
2022-05-26,142.1715087890625
2022-05-27,147.9659423828125
2022-05-28,147.9659423828125
2022-05-29,147.9659423828125
2022-05-30,147.9659423828125
2022-05-31,147.17489624023438
2022-06-01,147.04638671875
2022-06-02,149.5183868408203
2022-06-03,143.75363159179688
2022-06-04,143.75363159179688
2022-06-05,143.75363159179688
2022-06-06,144.50511169433594
2022-06-07,147.04638671875
2022-06-08,146.3047332763672
2022-06-09,141.04428100585938
2022-06-10,135.59593200683594
2022-06-11,135.59593200683594
2022-06-12,135.59593200683594
2022-06-13,130.4046630859375
2022-06-14,131.2747802734375
2022-06-15,133.91490173339844
2022-06-16,128.60498046875
2022-06-17,130.08824157714844
2022-06-18,130.08824157714844
2022-06-19,130.08824157714844
2022-06-20,130.08824157714844
2022-06-21,134.35000610351562
2022-06-22,133.83583068847656
2022-06-23,136.72317504882812
2022-06-24,140.07522583007812
2022-06-25,140.07522583007812
2022-06-26,140.07522583007812
2022-06-27,140.07522583007812
2022-06-28,135.90245056152344
2022-06-29,137.67242431640625
2022-06-30,135.1905059814453
2022-07-01,137.3757781982422
2022-07-02,137.3757781982422
2022-07-03,137.3757781982422
2022-07-04,137.3757781982422
2022-07-05,139.9763641357422
2022-07-06,141.32115173339844
2022-07-07,144.7127685546875
2022-07-08,145.39503479003906
2022-07-09,145.39503479003906
2022-07-10,145.39503479003906
2022-07-11,143.2493133544922
2022-07-12,144.22825622558594
2022-07-13,143.86239624023438
2022-07-14,146.8090362548828
2022-07-15,148.49002075195312
2022-07-16,148.49002075195312
2022-07-17,148.49002075195312
2022-07-18,145.4247283935547
2022-07-19,149.31076049804688
2022-07-20,151.3279266357422
2022-07-21,153.61209106445312
2022-07-22,152.36618041992188
2022-07-23,152.36618041992188
2022-07-24,152.36618041992188
2022-07-25,151.23892211914062
2022-07-26,149.90403747558594
2022-07-27,155.03598022460938
2022-07-28,155.58970642089844
2022-07-29,160.6919708251953
2022-07-30,160.6919708251953
2022-07-31,160.6919708251953
2022-08-01,159.7031707763672
2022-08-02,158.21994018554688
2022-08-03,164.27149963378906
2022-08-04,163.95506286621094
2022-08-05,163.72731018066406
2022-08-06,163.72731018066406
2022-08-07,163.72731018066406
2022-08-08,163.2520294189453
2022-08-09,163.30154418945312
2022-08-10,167.5791473388672
2022-08-11,166.83651733398438
2022-08-12,170.4110870361328
2022-08-13,170.4110870361328
2022-08-14,170.4110870361328
2022-08-15,171.49037170410156
2022-08-16,171.33193969726562
2022-08-17,172.83702087402344
2022-08-18,172.44094848632812
2022-08-19,169.83677673339844
2022-08-20,169.83677673339844
2022-08-21,169.83677673339844
2022-08-22,165.925537109375
2022-08-23,165.5888671875
2022-08-24,165.88592529296875
2022-08-25,168.3613739013672
2022-08-26,162.0142822265625
2022-08-27,162.0142822265625
2022-08-28,162.0142822265625
2022-08-29,159.79627990722656
2022-08-30,157.35052490234375
2022-08-31,155.6771240234375
2022-09-01,156.4098358154297
2022-09-02,154.2809295654297
2022-09-03,154.2809295654297
2022-09-04,154.2809295654297
2022-09-05,154.2809295654297
2022-09-06,153.0135040283203
2022-09-07,154.42945861816406
2022-09-08,152.9442138671875
2022-09-09,155.82559204101562
2022-09-10,155.82559204101562
2022-09-11,155.82559204101562
2022-09-12,161.826171875
2022-09-13,152.33026123046875
2022-09-14,153.78585815429688
2022-09-15,150.87469482421875
2022-09-16,149.22109985351562
2022-09-17,149.22109985351562
2022-09-18,149.22109985351562
2022-09-19,152.9639892578125
2022-09-20,155.36024475097656
2022-09-21,152.21144104003906
2022-09-22,151.24105834960938
2022-09-23,148.9537353515625
2022-09-24,148.9537353515625
2022-09-25,148.9537353515625
2022-09-26,149.29042053222656
2022-09-27,150.2706756591797
2022-09-28,148.36952209472656
2022-09-29,141.0817413330078
2022-09-30,136.84376525878906
2022-10-01,136.84376525878906
2022-10-02,136.84376525878906
2022-10-03,141.05206298828125
2022-10-04,144.66624450683594
2022-10-05,144.96327209472656
2022-10-06,144.00282287597656
2022-10-07,138.7152099609375
2022-10-08,138.7152099609375
2022-10-09,138.7152099609375
2022-10-10,139.0419921875
2022-10-11,137.61611938476562
2022-10-12,136.9823760986328
2022-10-13,141.5867462158203
2022-10-14,137.02198791503906
2022-10-15,137.02198791503906
2022-10-16,137.02198791503906
2022-10-17,141.012451171875
2022-10-18,142.33929443359375
2022-10-19,142.44821166992188
2022-10-20,141.98281860351562
2022-10-21,145.82473754882812
2022-10-22,145.82473754882812
2022-10-23,145.82473754882812
2022-10-24,147.9833526611328
2022-10-25,150.84498596191406
2022-10-26,147.8843231201172
2022-10-27,143.37899780273438
2022-10-28,154.21163940429688
2022-10-29,154.21163940429688
2022-10-30,154.21163940429688
2022-10-31,151.83518981933594
2022-11-01,149.17156982421875
2022-11-02,143.60671997070312
2022-11-03,137.51708984375
2022-11-04,137.24929809570312
2022-11-05,137.24929809570312
2022-11-06,137.24929809570312
2022-11-07,137.7848663330078
2022-11-08,138.3601531982422
2022-11-09,133.76795959472656
2022-11-10,145.669921875
2022-11-11,148.47679138183594
2022-11-12,148.47679138183594
2022-11-13,148.47679138183594
2022-11-14,147.0684051513672
2022-11-15,148.8140106201172
2022-11-16,147.57421875
2022-11-17,149.4884490966797
2022-11-18,150.05381774902344
2022-11-19,150.05381774902344
2022-11-20,150.05381774902344
2022-11-21,146.80059814453125
2022-11-22,148.95285034179688
2022-11-23,149.83560180664062
2022-11-24,149.83560180664062
2022-11-25,146.89979553222656
2022-11-26,146.89979553222656
2022-11-27,146.89979553222656
2022-11-28,143.0415802001953
2022-11-29,140.01651000976562
2022-11-30,146.82044982910156
2022-12-01,147.09814453125
2022-12-02,146.6022491455078
2022-12-03,146.6022491455078
2022-12-04,146.6022491455078
2022-12-05,145.431884765625
2022-12-06,141.74227905273438
2022-12-07,139.7883758544922
2022-12-08,141.48440551757812
2022-12-09,140.99839782714844
2022-12-10,140.99839782714844
2022-12-11,140.99839782714844
2022-12-12,143.3093719482422
2022-12-13,144.2813720703125
2022-12-14,142.0398406982422
2022-12-15,135.38465881347656
2022-12-16,133.41091918945312
2022-12-17,133.41091918945312
2022-12-18,133.41091918945312
2022-12-19,131.28839111328125
2022-12-20,131.21897888183594
2022-12-21,134.34323120117188
2022-12-22,131.14952087402344
2022-12-23,130.78257751464844
2022-12-24,130.78257751464844
2022-12-25,130.78257751464844
2022-12-26,130.78257751464844
2022-12-27,128.96751403808594
2022-12-28,125.01011657714844
2022-12-29,128.5509490966797
2022-12-30,128.86831665039062
2022-12-31,128.86831665039062
2023-01-01,128.86831665039062
2023-01-02,128.86831665039062
2023-01-03,124.04804229736328
2023-01-04,125.32750701904297
2023-01-05,123.99845886230469
2023-01-06,128.56085205078125
2023-01-07,128.56085205078125
2023-01-08,128.56085205078125
2023-01-09,129.08653259277344
2023-01-10,129.66180419921875
2023-01-11,132.39926147460938
2023-01-12,132.31991577148438
2023-01-13,133.6588592529297
2023-01-14,133.6588592529297
2023-01-15,133.6588592529297
2023-01-16,133.6588592529297
2023-01-17,134.82923889160156
2023-01-18,134.10519409179688
2023-01-19,134.1647186279297
2023-01-20,136.74346923828125
2023-01-21,136.74346923828125
2023-01-22,136.74346923828125
2023-01-23,139.95700073242188
2023-01-24,141.36538696289062
2023-01-25,140.7008514404297
2023-01-26,142.78370666503906
2023-01-27,144.7375946044922
2023-01-28,144.7375946044922
2023-01-29,144.7375946044922
2023-01-30,141.83154296875
2023-01-31,143.11099243164062
2023-02-01,144.24169921875
2023-02-02,149.587646484375
2023-02-03,153.23757934570312
2023-02-04,153.23757934570312
2023-02-05,153.23757934570312
2023-02-06,150.49021911621094
2023-02-07,153.3863525390625
2023-02-08,150.6786651611328
2023-02-09,149.6372528076172
2023-02-10,150.0047607421875
2023-02-11,150.0047607421875
2023-02-12,150.0047607421875
2023-02-13,152.82586669921875
2023-02-14,152.18020629882812
2023-02-15,154.2960205078125
2023-02-16,152.6868133544922
2023-02-17,151.53453063964844
2023-02-18,151.53453063964844
2023-02-19,151.53453063964844
2023-02-20,151.53453063964844
2023-02-21,147.49160766601562
2023-02-22,147.9187469482422
2023-02-23,148.40548706054688
2023-02-24,145.7333984375
2023-02-25,145.7333984375
2023-02-26,145.7333984375
2023-02-27,146.9353485107422
2023-02-28,146.42872619628906
2023-03-01,144.34271240234375
2023-03-02,144.938720703125
2023-03-03,150.02464294433594
2023-03-04,150.02464294433594
2023-03-05,150.02464294433594
2023-03-06,152.80601501464844
2023-03-07,150.59085083007812
2023-03-08,151.85240173339844
2023-03-09,149.5875701904297
2023-03-10,147.511474609375
2023-03-11,147.511474609375
2023-03-12,147.511474609375
2023-03-13,149.46836853027344
2023-03-14,151.57424926757812
2023-03-15,151.9716033935547
2023-03-16,154.8125457763672
2023-03-17,153.96820068359375
2023-03-18,153.96820068359375
2023-03-19,153.96820068359375
2023-03-20,156.3522491455078
2023-03-21,158.21969604492188
2023-03-22,156.77938842773438
2023-03-23,157.87203979492188
2023-03-24,159.18325805664062
2023-03-25,159.18325805664062
2023-03-26,159.18325805664062
2023-03-27,157.22637939453125
2023-03-28,156.60057067871094
2023-03-29,159.69979858398438
2023-03-30,161.2792205810547
2023-03-31,163.8023223876953
2023-04-01,163.8023223876953
2023-04-02,163.8023223876953
2023-04-03,165.06385803222656
2023-04-04,164.5274658203125
2023-04-05,162.66990661621094
2023-04-06,163.5639190673828
2023-04-07,163.5639190673828
2023-04-08,163.5639190673828
2023-04-09,163.5639190673828
2023-04-10,160.95140075683594
2023-04-11,159.72962951660156
2023-04-12,159.03427124023438
2023-04-13,164.4579315185547
2023-04-14,164.11026000976562
2023-04-15,164.11026000976562
2023-04-16,164.11026000976562
2023-04-17,164.130126953125
2023-04-18,165.36187744140625
2023-04-19,166.51414489746094
2023-04-20,165.54066467285156
2023-04-21,163.92152404785156
2023-04-22,163.92152404785156
2023-04-23,163.92152404785156
2023-04-24,164.22946166992188
2023-04-25,162.67984008789062
2023-04-26,162.66990661621094
2023-04-27,167.28895568847656
2023-04-28,168.5504913330078
2023-04-29,168.5504913330078
2023-04-30,168.5504913330078
2023-05-01,168.46109008789062
2023-05-02,167.41806030273438
2023-05-03,166.33534240722656
2023-05-04,164.68637084960938
2023-05-05,172.4146270751953
2023-05-06,172.4146270751953
2023-05-07,172.4146270751953
2023-05-08,172.34506225585938
2023-05-09,170.62660217285156
2023-05-10,172.4046630859375
2023-05-11,172.59341430664062
2023-05-12,171.65838623046875
2023-05-13,171.65838623046875
2023-05-14,171.65838623046875
2023-05-15,171.16102600097656
2023-05-16,171.16102600097656
2023-05-17,171.77774047851562
2023-05-18,174.12527465820312
2023-05-19,174.2346954345703
2023-05-20,174.2346954345703
2023-05-21,174.2346954345703
2023-05-22,173.27975463867188
2023-05-23,170.65370178222656
2023-05-24,170.93222045898438
2023-05-25,172.07614135742188
2023-05-26,174.50323486328125
2023-05-27,174.50323486328125
2023-05-28,174.50323486328125
2023-05-29,174.50323486328125
2023-05-30,176.36338806152344
2023-05-31,176.3136444091797
2023-06-01,179.13864135742188
2023-06-02,179.9940948486328
2023-06-03,179.9940948486328
2023-06-04,179.9940948486328
2023-06-05,178.63134765625
2023-06-06,178.26329040527344
2023-06-07,176.88064575195312
2023-06-08,179.61610412597656
2023-06-09,180.00404357910156
2023-06-10,180.00404357910156
2023-06-11,180.00404357910156
2023-06-12,182.819091796875
2023-06-13,182.3416290283203
2023-06-14,182.97825622558594
2023-06-15,185.02737426757812
2023-06-16,183.94313049316406
2023-06-17,183.94313049316406
2023-06-18,183.94313049316406
2023-06-19,183.94313049316406
2023-06-20,184.03265380859375
2023-06-21,182.98822021484375
2023-06-22,186.01214599609375
2023-06-23,185.69383239746094
2023-06-24,185.69383239746094
2023-06-25,185.69383239746094
2023-06-26,184.29127502441406
2023-06-27,187.0665283203125
2023-06-28,188.250244140625
2023-06-29,188.5884552001953
2023-06-30,192.9453125
2023-07-01,192.9453125
2023-07-02,192.9453125
2023-07-03,191.44329833984375
2023-07-04,191.44329833984375
2023-07-05,190.3192596435547
2023-07-06,190.79673767089844
2023-07-07,189.6726837158203
2023-07-08,189.6726837158203
2023-07-09,189.6726837158203
2023-07-10,187.61363220214844
2023-07-11,187.08644104003906
2023-07-12,188.7675018310547
2023-07-13,189.53343200683594
2023-07-14,189.68264770507812
2023-07-15,189.68264770507812
2023-07-16,189.68264770507812
2023-07-17,192.9652099609375
2023-07-18,192.7065887451172
2023-07-19,194.06935119628906
2023-07-20,192.10975646972656
2023-07-21,190.926025390625
2023-07-22,190.926025390625
2023-07-23,190.926025390625
2023-07-24,191.7317657470703
2023-07-25,192.59715270996094
2023-07-26,193.47250366210938
2023-07-27,192.1992645263672
2023-07-28,194.79547119140625
2023-07-29,194.79547119140625
2023-07-30,194.79547119140625
2023-07-31,195.41221618652344
2023-08-01,194.57666015625
2023-08-02,191.5626678466797
2023-08-03,190.16012573242188
2023-08-04,181.02859497070312
2023-08-05,181.02859497070312
2023-08-06,181.02859497070312
2023-08-07,177.90521240234375
2023-08-08,178.8501739501953
2023-08-09,177.24867248535156
2023-08-10,177.02984619140625
2023-08-11,177.089599609375
2023-08-12,177.089599609375
2023-08-13,177.089599609375
2023-08-14,178.75303649902344
2023-08-15,176.7509307861328
2023-08-16,175.87442016601562
2023-08-17,173.31454467773438
2023-08-18,173.8026123046875
2023-08-19,173.8026123046875
2023-08-20,173.8026123046875
2023-08-21,175.1472930908203
2023-08-22,176.53179931640625
2023-08-23,180.406494140625
2023-08-24,175.68516540527344
2023-08-25,177.90638732910156
2023-08-26,177.90638732910156
2023-08-27,177.90638732910156
2023-08-28,179.48016357421875
2023-08-29,183.39466857910156
2023-08-30,186.9107666015625
2023-08-31,187.1298828125
2023-09-01,188.713623046875
2023-09-02,188.713623046875
2023-09-03,188.713623046875
2023-09-04,188.713623046875
2023-09-05,188.9526824951172
2023-09-06,182.18943786621094
2023-09-07,176.86050415039062
2023-09-08,177.47805786132812
2023-09-09,177.47805786132812
2023-09-10,177.47805786132812
2023-09-11,178.65342712402344
2023-09-12,175.60548400878906
2023-09-13,173.52371215820312
2023-09-14,175.0476837158203
2023-09-15,174.32054138183594
2023-09-16,174.32054138183594
2023-09-17,174.32054138183594
2023-09-18,177.26890563964844
2023-09-19,178.36456298828125
2023-09-20,174.79867553710938
2023-09-21,173.2447967529297
2023-09-22,174.10142517089844
2023-09-23,174.10142517089844
2023-09-24,174.10142517089844
2023-09-25,175.38633728027344
2023-09-26,171.28257751464844
2023-09-27,169.7585906982422
2023-09-28,170.017578125
2023-09-29,170.53553771972656
2023-09-30,170.53553771972656
2023-10-01,170.53553771972656
2023-10-02,173.0655059814453
2023-10-03,171.72084045410156
2023-10-04,172.9758758544922
2023-10-05,174.22096252441406
2023-10-06,176.79078674316406
2023-10-07,176.79078674316406
2023-10-08,176.79078674316406
2023-10-09,178.28488159179688
2023-10-10,177.68724060058594
2023-10-11,179.09169006347656
2023-10-12,179.99810791015625
2023-10-13,178.14544677734375
2023-10-14,178.14544677734375
2023-10-15,178.14544677734375
2023-10-16,178.01593017578125
2023-10-17,176.45213317871094
2023-10-18,175.1472930908203
2023-10-19,174.76878356933594
2023-10-20,172.19894409179688
2023-10-21,172.19894409179688
2023-10-22,172.19894409179688
2023-10-23,172.31846618652344
2023-10-24,172.75672912597656
2023-10-25,170.42596435546875
2023-10-26,166.23252868652344
2023-10-27,167.5572967529297
2023-10-28,167.5572967529297
2023-10-29,167.5572967529297
2023-10-30,169.619140625
2023-10-31,170.09725952148438
2023-11-01,173.28465270996094
2023-11-02,176.87046813964844
2023-11-03,175.95408630371094
2023-11-04,175.95408630371094
2023-11-05,175.95408630371094
2023-11-06,178.52392578125
2023-11-07,181.1037139892578
2023-11-08,182.1695098876953
2023-11-09,181.69140625
2023-11-10,185.9102783203125
2023-11-11,185.9102783203125
2023-11-12,185.9102783203125
2023-11-13,184.3144989013672
2023-11-14,186.9475555419922
2023-11-15,187.51605224609375
2023-11-16,189.21160888671875
2023-11-17,189.191650390625
2023-11-18,189.191650390625
2023-11-19,189.191650390625
2023-11-20,190.947021484375
2023-11-21,190.13916015625
2023-11-22,190.80738830566406
2023-11-23,190.80738830566406
2023-11-24,189.47091674804688
2023-11-25,189.47091674804688
2023-11-26,189.47091674804688
2023-11-27,189.2913818359375
2023-11-28,189.8997802734375
2023-11-29,188.8724822998047
2023-11-30,189.45095825195312
2023-12-01,190.73757934570312
2023-12-02,190.73757934570312
2023-12-03,190.73757934570312
2023-12-04,188.9323272705078
2023-12-05,192.91184997558594
2023-12-06,191.81475830078125
2023-12-07,193.75962829589844
2023-12-08,195.19583129882812
2023-12-09,195.19583129882812
2023-12-10,195.19583129882812
2023-12-11,192.67247009277344
2023-12-12,194.19847106933594
2023-12-13,197.43992614746094
2023-12-14,197.5895233154297
2023-12-15,197.0509490966797
2023-12-16,197.0509490966797
2023-12-17,197.0509490966797
2023-12-18,195.37535095214844
2023-12-19,196.422607421875
2023-12-20,194.31814575195312
2023-12-21,194.16851806640625
2023-12-22,193.0913848876953
2023-12-23,193.0913848876953
2023-12-24,193.0913848876953
2023-12-25,193.0913848876953
2023-12-26,192.54283142089844
2023-12-27,192.64254760742188
2023-12-28,193.07142639160156
2023-12-29,192.02418518066406
2023-12-30,192.02418518066406
2023-12-31,192.02418518066406
2024-01-01,192.02418518066406
2024-01-02,185.15228271484375
2024-01-03,183.7659454345703
2024-01-04,181.43209838867188
2024-01-05,180.70399475097656
2024-01-06,180.70399475097656
2024-01-07,180.70399475097656
2024-01-08,185.07249450683594
2024-01-09,184.65359497070312
2024-01-10,185.70083618164062
2024-01-11,185.1024169921875
2024-01-12,185.43154907226562
2024-01-13,185.43154907226562
2024-01-14,185.43154907226562
2024-01-15,185.43154907226562
2024-01-16,183.14756774902344
2024-01-17,182.20005798339844
2024-01-18,188.1344451904297
2024-01-19,191.05673217773438
2024-01-20,191.05673217773438
2024-01-21,191.05673217773438
2024-01-22,193.38059997558594
2024-01-23,194.66722106933594
2024-01-24,193.98899841308594
2024-01-25,193.65988159179688
2024-01-26,191.9144744873047
2024-01-27,191.9144744873047
2024-01-28,191.9144744873047
2024-01-29,191.22628784179688
2024-01-30,187.5459747314453
2024-01-31,183.91554260253906
2024-02-01,186.3690948486328
2024-02-02,185.3617401123047
2024-02-03,185.3617401123047
2024-02-04,185.3617401123047
2024-02-05,187.18692016601562
2024-02-06,188.80267333984375
2024-02-07,188.9123992919922
2024-02-08,187.82525634765625
2024-02-09,188.59420776367188
2024-02-10,188.59420776367188
2024-02-11,188.59420776367188
2024-02-12,186.89649963378906
2024-02-13,184.7893524169922
2024-02-14,183.9005584716797
2024-02-15,183.6109619140625
2024-02-16,182.06304931640625
2024-02-17,182.06304931640625
2024-02-18,182.06304931640625
2024-02-19,182.06304931640625
2024-02-20,181.31407165527344
2024-02-21,182.07305908203125
2024-02-22,184.12026977539062
2024-02-23,182.2727813720703
2024-02-24,182.2727813720703
2024-02-25,182.2727813720703
2024-02-26,180.9146270751953
2024-02-27,182.38262939453125
2024-02-28,181.17425537109375
2024-02-29,180.5051727294922
2024-03-01,179.41665649414062
2024-03-02,179.41665649414062
2024-03-03,179.41665649414062
2024-03-04,174.86282348632812
2024-03-05,169.8895721435547
2024-03-06,168.8909149169922
2024-03-07,168.77108764648438
2024-03-08,170.4987335205078
2024-03-09,170.4987335205078
2024-03-10,170.4987335205078
2024-03-11,172.51600646972656
2024-03-12,172.99534606933594
2024-03-13,170.89820861816406
2024-03-14,172.7656707763672
2024-03-15,172.3861846923828
2024-03-16,172.3861846923828
2024-03-17,172.3861846923828
2024-03-18,173.4846954345703
2024-03-19,175.84149169921875
2024-03-20,178.42799377441406
2024-03-21,171.13787841796875
2024-03-22,172.04664611816406
2024-03-23,172.04664611816406
2024-03-24,172.04664611816406
2024-03-25,170.61859130859375
2024-03-26,169.48013305664062
2024-03-27,173.0752410888672
2024-03-28,171.2477264404297
2024-03-29,171.2477264404297
2024-03-30,171.2477264404297
2024-03-31,171.2477264404297
2024-04-01,169.79969787597656
2024-04-02,168.61129760742188
2024-04-03,169.42019653320312
2024-04-04,168.59133911132812
2024-04-05,169.3502960205078
2024-04-06,169.3502960205078
2024-04-07,169.3502960205078
2024-04-08,168.22183227539062
2024-04-09,169.44017028808594
2024-04-10,167.552734375
2024-04-11,174.8029022216797
2024-04-12,176.3108673095703
2024-04-13,176.3108673095703
2024-04-14,176.3108673095703
2024-04-15,172.45608520507812
2024-04-16,169.15057373046875
2024-04-17,167.77244567871094
2024-04-18,166.81373596191406
2024-04-19,164.77650451660156
2024-04-20,164.77650451660156
2024-04-21,164.77650451660156
2024-04-22,165.6153564453125
2024-04-23,166.67391967773438
2024-04-24,168.7910614013672
2024-04-25,169.65988159179688
2024-04-26,169.0706787109375
2024-04-27,169.0706787109375
2024-04-28,169.0706787109375
2024-04-29,173.26498413085938
2024-04-30,170.0992889404297
2024-05-01,169.0706787109375
2024-05-02,172.79562377929688
2024-05-03,183.13160705566406
2024-05-04,183.13160705566406
2024-05-05,183.13160705566406
2024-05-06,181.46388244628906
2024-05-07,182.15292358398438
2024-05-08,182.4924774169922
2024-05-09,184.32000732421875
2024-05-10,183.0500030517578
2024-05-11,183.0500030517578
2024-05-12,183.0500030517578
2024-05-13,186.27999877929688
2024-05-14,187.42999267578125
2024-05-15,189.72000122070312
2024-05-16,189.83999633789062
2024-05-17,189.8699951171875
2024-05-18,189.8699951171875
2024-05-19,189.8699951171875
2024-05-20,191.0399932861328
2024-05-21,192.35000610351562
2024-05-22,190.89999389648438
2024-05-23,186.8800048828125
2024-05-24,189.97999572753906
2024-05-25,189.97999572753906
2024-05-26,189.97999572753906
2024-05-27,189.97999572753906
2024-05-28,189.99000549316406
2024-05-29,190.2899932861328
2024-05-30,191.2899932861328
2024-05-31,192.25
2024-06-01,192.25
2024-06-02,192.25
2024-06-03,194.02999877929688
2024-06-04,194.35000610351562
2024-06-05,195.8699951171875
2024-06-06,194.47999572753906
2024-06-07,196.88999938964844
2024-06-08,196.88999938964844
2024-06-09,196.88999938964844
2024-06-10,193.1199951171875
2024-06-11,207.14999389648438
2024-06-12,213.07000732421875
2024-06-13,214.24000549316406
2024-06-14,212.49000549316406
2024-06-15,212.49000549316406
2024-06-16,212.49000549316406
2024-06-17,216.6699981689453
2024-06-18,214.2899932861328
2024-06-19,214.2899932861328
2024-06-20,209.67999267578125
2024-06-21,207.49000549316406
2024-06-22,207.49000549316406
2024-06-23,207.49000549316406
2024-06-24,208.13999938964844
2024-06-25,209.07000732421875
2024-06-26,213.25
2024-06-27,214.10000610351562
2024-06-28,210.6199951171875
